Time,TemperatureF,DewpointF,PressureIn,WindDirection,WindDirectionDegrees,WindSpeedMPH,WindSpeedGustMPH,Humidity,HourlyPrecipIn,Conditions,Clouds,dailyrainin,SolarRadiationWatts/m^2,SoftwareType,DateUTC
2011-10-11 00:01:00,64.4,62.4,30.00,ENE,66,0.4,1.3,93,0.00,,,0.00,12.991,WeatherBaga 2.4.3,2011-10-11 07:01:00,
2011-10-11 00:06:00,64.4,62.4,30.01,WNW,284,1.1,1.4,93,0.00,,,0.00,14.097,WeatherBaga 2.4.3,2011-10-11 07:06:00,
2011-10-11 00:11:00,64.4,62.4,30.01,WNW,286,1.0,1.6,93,0.00,,,0.00,13.786,WeatherBaga 2.4.3,2011-10-11 07:11:00,
2011-10-11 00:16:00,64.4,62.4,30.01,WNW,301,0.6,1.6,93,0.00,,,0.00,13.707,WeatherBaga 2.4.3,2011-10-11 07:16:00,
2011-10-11 00:21:00,64.4,62.4,30.01,NNE,21,1.0,1.3,93,0.00,,,0.00,13.370,WeatherBaga 2.4.3,2011-10-11 07:21:00,
2011-10-11 00:26:00,64.4,62.4,30.01,South,185,0.2,1.3,93,0.00,,,0.00,13.242,WeatherBaga 2.4.3,2011-10-11 07:26:00,
2011-10-11 00:31:00,64.4,62.4,30.01,WNW,285,0.3,1.0,93,0.00,,,0.00,13.301,WeatherBaga 2.4.3,2011-10-11 07:31:00,
2011-10-11 00:36:00,64.4,62.4,30.01,NNW,328,0.5,0.8,93,0.00,,,0.00,13.994,WeatherBaga 2.4.3,2011-10-11 07:36:00,
2011-10-11 00:41:00,64.4,62.4,30.01,NNE,27,0.8,1.1,93,0.00,,,0.00,13.829,WeatherBaga 2.4.3,2011-10-11 07:41:00,
2011-10-11 00:46:00,64.4,62.4,30.01,WNW,296,1.1,1.6,93,0.00,,,0.00,13.687,WeatherBaga 2.4.3,2011-10-11 07:46:00,
2011-10-11 00:51:00,64.2,62.1,30.01,NW,306,0.5,2.4,93,0.00,,,0.00,13.588,WeatherBaga 2.4.3,2011-10-11 07:51:00,
2011-10-11 00:56:00,63.8,61.7,30.01,West,268,0.6,2.5,93,0.00,,,0.00,13.215,WeatherBaga 2.4.3,2011-10-11 07:56:00,
2011-10-11 01:01:00,63.8,61.7,30.01,WNW,283,0.2,2.5,93,0.00,,,0.00,13.793,WeatherBaga 2.4.3,2011-10-11 08:01:00,
2011-10-11 01:06:00,63.6,61.5,30.01,NE,46,0.2,1.7,93,0.00,,,0.00,13.641,WeatherBaga 2.4.3,2011-10-11 08:06:00,
2011-10-11 01:11:00,63.6,61.5,30.01,South,169,0.5,1.4,93,0.00,,,0.00,13.413,WeatherBaga 2.4.3,2011-10-11 08:11:00,
2011-10-11 01:16:00,63.6,61.6,30.01,SE,143,0.4,1.4,93,0.00,,,0.00,13.664,WeatherBaga 2.4.3,2011-10-11 08:16:00,
2011-10-11 01:21:00,63.6,61.6,30.01,SSE,157,0.6,1.1,93,0.00,,,0.00,13.717,WeatherBaga 2.4.3,2011-10-11 08:21:00,
2011-10-11 01:26:00,63.6,61.6,30.01,North,8,0.4,1.1,93,0.00,,,0.00,13.832,WeatherBaga 2.4.3,2011-10-11 08:26:00,
2011-10-11 01:31:00,63.5,61.5,30.01,NNW,344,0.6,1.1,93,0.00,,,0.00,13.433,WeatherBaga 2.4.3,2011-10-11 08:31:00,
2011-10-11 01:36:00,63.5,61.5,30.01,North,358,0.9,1.2,93,0.00,,,0.00,13.700,WeatherBaga 2.4.3,2011-10-11 08:36:00,
2011-10-11 01:41:00,63.5,61.5,30.01,NNE,31,0.6,1.2,93,0.00,,,0.00,12.453,WeatherBaga 2.4.3,2011-10-11 08:41:00,
2011-10-11 01:46:00,63.6,61.6,30.01,East,88,0.6,1.1,93,0.00,,,0.00,12.922,WeatherBaga 2.4.3,2011-10-11 08:46:00,
2011-10-11 01:51:00,63.5,61.5,30.01,NE,48,1.1,1.5,93,0.00,,,0.00,13.067,WeatherBaga 2.4.3,2011-10-11 08:51:00,
2011-10-11 01:56:00,63.5,61.5,30.02,North,356,0.6,1.5,93,0.00,,,0.00,13.892,WeatherBaga 2.4.3,2011-10-11 08:56:00,
2011-10-11 02:01:00,63.6,61.6,30.02,NNW,334,0.8,1.2,93,0.00,,,0.00,13.486,WeatherBaga 2.4.3,2011-10-11 09:01:00,
2011-10-11 02:06:00,63.6,61.7,30.02,WSW,249,0.2,1.2,93,0.00,,,0.00,12.961,WeatherBaga 2.4.3,2011-10-11 09:06:00,
2011-10-11 02:11:00,63.6,61.7,30.02,East,95,0.3,1.2,93,0.00,,,0.00,14.040,WeatherBaga 2.4.3,2011-10-11 09:11:00,
2011-10-11 02:16:00,63.5,61.5,30.02,NNW,345,0.4,2.4,93,0.00,,,0.00,13.047,WeatherBaga 2.4.3,2011-10-11 09:16:00,
2011-10-11 02:21:00,63.5,61.5,30.02,North,9,0.6,2.4,93,0.00,,,0.00,13.423,WeatherBaga 2.4.3,2011-10-11 09:21:00,
2011-10-11 02:26:00,63.5,61.5,30.02,West,280,0.3,1.5,93,0.00,,,0.00,12.661,WeatherBaga 2.4.3,2011-10-11 09:26:00,
2011-10-11 02:31:00,63.5,61.5,30.02,NE,45,0.5,1.3,93,0.00,,,0.00,13.433,WeatherBaga 2.4.3,2011-10-11 09:31:00,
2011-10-11 02:36:00,63.5,61.5,30.02,SSE,163,0.2,0.9,93,0.00,,,0.00,12.628,WeatherBaga 2.4.3,2011-10-11 09:36:00,
2011-10-11 02:41:00,63.5,61.5,30.02,North,2,0.8,1.1,93,0.00,,,0.00,13.420,WeatherBaga 2.4.3,2011-10-11 09:41:00,
2011-10-11 02:46:00,63.3,61.3,30.02,NW,321,0.6,1.1,93,0.00,,,0.00,14.179,WeatherBaga 2.4.3,2011-10-11 09:46:00,
2011-10-11 02:51:00,63.3,61.3,30.02,NNW,329,0.6,1.0,93,0.00,,,0.00,13.800,WeatherBaga 2.4.3,2011-10-11 09:51:00,
2011-10-11 02:56:00,63.3,61.3,30.02,West,265,0.1,1.0,93,0.00,,,0.00,13.235,WeatherBaga 2.4.3,2011-10-11 09:56:00,
2011-10-11 03:01:00,63.3,61.3,30.02,South,184,0.8,1.1,93,0.00,,,0.00,13.608,WeatherBaga 2.4.3,2011-10-11 10:01:00,
2011-10-11 03:06:00,63.3,61.3,30.02,North,7,0.1,1.1,93,0.00,,,0.00,12.971,WeatherBaga 2.4.3,2011-10-11 10:06:00,
2011-10-11 03:11:00,63.1,61.1,30.02,West,272,1.0,1.3,93,0.00,,,0.00,13.499,WeatherBaga 2.4.3,2011-10-11 10:11:00,
2011-10-11 03:16:00,62.9,60.9,30.02,SE,133,0.5,1.3,93,0.00,,,0.00,13.110,WeatherBaga 2.4.3,2011-10-11 10:16:00,
2011-10-11 03:21:00,62.9,60.9,30.01,SSW,210,0.6,1.2,93,0.00,,,0.00,13.443,WeatherBaga 2.4.3,2011-10-11 10:21:00,
2011-10-11 03:26:00,62.7,60.7,30.01,SSE,162,0.6,1.0,93,0.00,,,0.00,13.364,WeatherBaga 2.4.3,2011-10-11 10:26:00,
2011-10-11 03:32:00,62.7,60.7,30.01,East,79,0.7,1.0,93,0.00,,,0.00,13.031,WeatherBaga 2.4.3,2011-10-11 10:32:00,
2011-10-11 03:37:00,62.7,60.7,30.01,NNW,331,0.5,1.0,93,0.00,,,0.00,13.489,WeatherBaga 2.4.3,2011-10-11 10:37:00,
2011-10-11 03:42:00,62.6,60.7,30.01,SE,141,0.4,0.9,93,0.00,,,0.00,13.265,WeatherBaga 2.4.3,2011-10-11 10:42:00,
2011-10-11 03:47:00,62.6,60.7,30.02,NNW,334,0.8,1.2,93,0.00,,,0.00,13.011,WeatherBaga 2.4.3,2011-10-11 10:47:00,
2011-10-11 03:52:00,62.6,60.7,30.02,NW,314,0.6,1.2,94,0.00,,,0.00,13.400,WeatherBaga 2.4.3,2011-10-11 10:52:00,
2011-10-11 04:01:00,62.7,60.8,30.02,NW,320,0.3,1.0,94,0.00,,,0.00,13.252,WeatherBaga 2.4.3,2011-10-11 11:01:00,
2011-10-11 04:06:00,62.7,60.8,30.02,SSE,158,0.7,1.0,94,0.00,,,0.00,12.397,WeatherBaga 2.4.3,2011-10-11 11:06:00,
2011-10-11 04:11:00,62.9,61.0,30.02,SSW,201,0.2,1.0,94,0.00,,,0.00,13.588,WeatherBaga 2.4.3,2011-10-11 11:11:00,
2011-10-11 04:16:00,62.9,61.0,30.02,SSE,148,0.4,1.0,94,0.00,,,0.00,13.024,WeatherBaga 2.4.3,2011-10-11 11:16:00,
2011-10-11 04:21:00,62.9,61.0,30.02,SW,235,0.2,0.9,94,0.00,,,0.00,12.737,WeatherBaga 2.4.3,2011-10-11 11:21:00,
2011-10-11 04:26:00,62.9,61.0,30.02,ENE,74,0.7,0.7,94,0.00,,,0.00,13.265,WeatherBaga 2.4.3,2011-10-11 11:26:00,
2011-10-11 04:31:00,62.9,61.0,30.02,SSW,207,0.2,0.8,94,0.00,,,0.00,13.506,WeatherBaga 2.4.3,2011-10-11 11:31:00,
2011-10-11 04:36:00,62.9,61.0,30.02,NNW,333,0.4,0.8,94,0.00,,,0.00,13.087,WeatherBaga 2.4.3,2011-10-11 11:36:00,
2011-10-11 04:41:00,62.9,61.0,30.02,NW,323,0.4,0.7,94,0.00,,,0.00,13.569,WeatherBaga 2.4.3,2011-10-11 11:41:00,
2011-10-11 04:46:00,63.1,61.2,30.02,SSE,158,0.6,0.7,94,0.00,,,0.00,13.305,WeatherBaga 2.4.3,2011-10-11 11:46:00,
2011-10-11 04:51:00,63.1,61.2,30.02,South,191,0.6,1.0,94,0.00,,,0.00,13.417,WeatherBaga 2.4.3,2011-10-11 11:51:00,
2011-10-11 04:56:00,63.1,61.2,30.02,WNW,290,0.9,1.3,94,0.00,,,0.00,13.215,WeatherBaga 2.4.3,2011-10-11 11:56:00,
2011-10-11 05:01:00,63.1,61.2,30.03,West,267,0.2,1.3,94,0.00,,,0.00,13.889,WeatherBaga 2.4.3,2011-10-11 12:01:00,
2011-10-11 05:06:00,63.1,61.2,30.02,NE,50,0.2,1.1,94,0.00,,,0.00,13.067,WeatherBaga 2.4.3,2011-10-11 12:06:00,
2011-10-11 05:11:00,63.1,61.2,30.03,NE,53,0.6,0.6,94,0.00,,,0.00,13.186,WeatherBaga 2.4.3,2011-10-11 12:11:00,
2011-10-11 05:16:00,63.3,61.4,30.03,NE,44,0.4,0.9,94,0.00,,,0.00,12.968,WeatherBaga 2.4.3,2011-10-11 12:16:00,
2011-10-11 05:21:00,63.3,61.4,30.03,SSW,194,0.3,0.9,94,0.00,,,0.00,12.704,WeatherBaga 2.4.3,2011-10-11 12:21:00,
2011-10-11 05:26:00,63.3,61.4,30.03,ENE,70,0.2,0.6,94,0.00,,,0.00,12.575,WeatherBaga 2.4.3,2011-10-11 12:26:00,
2011-10-11 05:31:00,63.3,61.4,30.03,West,270,0.2,0.6,94,0.00,,,0.00,13.308,WeatherBaga 2.4.3,2011-10-11 12:31:00,
2011-10-11 05:36:00,63.3,61.4,30.03,NW,318,0.4,0.8,94,0.00,,,0.00,13.743,WeatherBaga 2.4.3,2011-10-11 12:36:00,
2011-10-11 05:41:00,63.3,61.4,30.03,West,277,0.2,0.8,94,0.00,,,0.00,13.437,WeatherBaga 2.4.3,2011-10-11 12:41:00,
2011-10-11 05:46:00,63.3,61.4,30.03,SSW,198,0.8,1.0,94,0.00,,,0.00,13.090,WeatherBaga 2.4.3,2011-10-11 12:46:00,
2011-10-11 05:51:00,63.3,61.4,30.03,South,191,1.6,1.6,94,0.00,,,0.00,13.206,WeatherBaga 2.4.3,2011-10-11 12:51:00,
2011-10-11 05:56:00,63.3,61.4,30.03,ESE,102,0.3,2.5,94,0.00,,,0.00,13.545,WeatherBaga 2.4.3,2011-10-11 12:56:00,
2011-10-11 06:01:00,63.1,61.2,30.03,SSW,193,0.4,2.5,94,0.00,,,0.00,13.885,WeatherBaga 2.4.3,2011-10-11 13:01:00,
2011-10-11 06:06:00,63.1,61.2,30.03,ENE,68,0.5,1.6,94,0.00,,,0.00,14.255,WeatherBaga 2.4.3,2011-10-11 13:06:00,
2011-10-11 06:11:00,63.1,61.2,30.03,NE,56,0.4,1.4,94,0.00,,,0.00,13.073,WeatherBaga 2.4.3,2011-10-11 13:11:00,
2011-10-11 06:16:00,63.1,61.2,30.03,SE,125,0.6,1.0,94,0.00,,,0.00,12.357,WeatherBaga 2.4.3,2011-10-11 13:16:00,
2011-10-11 06:21:00,63.1,61.2,30.03,ESE,114,0.6,1.0,94,0.00,,,0.00,13.357,WeatherBaga 2.4.3,2011-10-11 13:21:00,
2011-10-11 06:26:00,63.1,61.2,30.04,South,170,0.5,1.0,94,0.00,,,0.00,13.631,WeatherBaga 2.4.3,2011-10-11 13:26:00,
2011-10-11 06:31:00,63.1,61.2,30.04,South,188,0.8,0.8,94,0.00,,,0.00,13.483,WeatherBaga 2.4.3,2011-10-11 13:31:00,
2011-10-11 06:36:00,63.1,61.2,30.04,NW,309,0.1,1.2,94,0.00,,,0.00,14.040,WeatherBaga 2.4.3,2011-10-11 13:36:00,
2011-10-11 06:41:00,63.1,61.2,30.04,SW,223,0.4,1.2,94,0.00,,,0.00,13.380,WeatherBaga 2.4.3,2011-10-11 13:41:00,
2011-10-11 06:46:00,62.9,61.0,30.04,SSW,203,0.4,1.2,94,0.00,,,0.00,13.677,WeatherBaga 2.4.3,2011-10-11 13:46:00,
2011-10-11 06:51:00,62.9,61.0,30.04,SW,233,0.9,1.2,94,0.00,,,0.00,13.651,WeatherBaga 2.4.3,2011-10-11 13:51:00,
2011-10-11 06:56:00,62.9,61.0,30.04,East,87,0.2,1.6,94,0.00,,,0.00,13.017,WeatherBaga 2.4.3,2011-10-11 13:56:00,
2011-10-11 07:01:00,62.9,61.0,30.04,ESE,103,0.5,1.6,94,0.00,,,0.00,14.344,WeatherBaga 2.4.3,2011-10-11 14:01:00,
2011-10-11 07:06:00,62.9,61.0,30.04,SSW,212,0.4,1.5,94,0.00,,,0.00,14.030,WeatherBaga 2.4.3,2011-10-11 14:06:00,
2011-10-11 07:11:00,62.9,61.0,30.04,South,181,0.6,1.3,94,0.00,,,0.00,13.948,WeatherBaga 2.4.3,2011-10-11 14:11:00,
2011-10-11 07:16:00,62.7,60.8,30.04,SW,217,0.9,1.3,94,0.00,,,0.00,12.681,WeatherBaga 2.4.3,2011-10-11 14:16:00,
2011-10-11 07:21:00,62.9,61.0,30.05,SW,226,0.4,1.3,94,0.00,,,0.00,21.211,WeatherBaga 2.4.3,2011-10-11 14:21:00,
2011-10-11 07:26:00,62.7,60.8,30.05,West,270,0.1,1.7,94,0.00,,,0.00,27.217,WeatherBaga 2.4.3,2011-10-11 14:26:00,
2011-10-11 07:31:00,62.9,61.0,30.05,SSE,168,0.6,1.7,94,0.00,,,0.00,28.501,WeatherBaga 2.4.3,2011-10-11 14:31:00,
2011-10-11 07:36:00,62.9,61.0,30.05,SSE,155,0.6,1.2,94,0.00,,,0.00,32.454,WeatherBaga 2.4.3,2011-10-11 14:36:00,
2011-10-11 07:41:00,63.1,61.2,30.05,NNW,330,0.4,1.0,94,0.00,,,0.00,44.206,WeatherBaga 2.4.3,2011-10-11 14:41:00,
2011-10-11 07:46:00,63.1,61.2,30.05,North,350,0.9,1.2,94,0.00,,,0.00,51.684,WeatherBaga 2.4.3,2011-10-11 14:46:00,
2011-10-11 07:51:00,63.1,61.2,30.05,NW,318,0.5,1.2,94,0.00,,,0.00,66.312,WeatherBaga 2.4.3,2011-10-11 14:51:00,
2011-10-11 07:56:00,63.3,61.4,30.05,WNW,292,0.4,1.2,94,0.00,,,0.00,69.603,WeatherBaga 2.4.3,2011-10-11 14:56:00,
2011-10-11 08:01:00,63.5,61.6,30.05,North,353,1.0,1.1,94,0.00,,,0.00,56.640,WeatherBaga 2.4.3,2011-10-11 15:01:00,
2011-10-11 08:06:00,63.5,61.6,30.05,North,8,0.8,1.6,94,0.00,,,0.00,53.251,WeatherBaga 2.4.3,2011-10-11 15:06:00,
2011-10-11 08:11:00,63.5,61.6,30.05,NNE,24,0.3,1.6,94,0.00,,,0.00,65.349,WeatherBaga 2.4.3,2011-10-11 15:11:00,
2011-10-11 08:16:00,63.5,61.6,30.05,WSW,237,0.4,1.2,94,0.00,,,0.00,76.684,WeatherBaga 2.4.3,2011-10-11 15:16:00,
2011-10-11 08:21:00,63.6,61.7,30.06,North,6,0.3,1.0,94,0.00,,,0.00,73.754,WeatherBaga 2.4.3,2011-10-11 15:21:00,
2011-10-11 08:26:00,63.6,61.7,30.05,East,84,0.3,1.4,94,0.00,,,0.00,77.697,WeatherBaga 2.4.3,2011-10-11 15:26:00,
2011-10-11 08:31:00,63.8,61.9,30.06,WNW,297,0.3,1.4,94,0.00,,,0.00,83.449,WeatherBaga 2.4.3,2011-10-11 15:31:00,
2011-10-11 08:36:00,64.0,62.1,30.06,SE,124,0.5,0.8,94,0.00,,,0.00,86.023,WeatherBaga 2.4.3,2011-10-11 15:36:00,
2011-10-11 08:41:00,63.8,61.9,30.06,SSE,164,0.7,1.3,93,0.00,,,0.00,89.828,WeatherBaga 2.4.3,2011-10-11 15:41:00,
2011-10-11 08:46:00,64.0,62.1,30.06,SSE,151,0.3,1.5,94,0.00,,,0.00,87.690,WeatherBaga 2.4.3,2011-10-11 15:46:00,
2011-10-11 08:51:00,64.2,62.3,30.06,SSE,162,1.0,1.7,94,0.00,,,0.00,91.224,WeatherBaga 2.4.3,2011-10-11 15:51:00,
2011-10-11 08:56:00,64.2,62.3,30.06,SSW,210,1.5,3.0,94,0.00,,,0.00,103.876,WeatherBaga 2.4.3,2011-10-11 15:56:00,
2011-10-11 09:01:00,64.2,62.3,30.06,SSE,159,0.7,3.1,94,0.00,,,0.00,110.117,WeatherBaga 2.4.3,2011-10-11 16:01:00,
2011-10-11 09:06:00,64.2,62.2,30.07,SE,130,1.7,3.5,93,0.00,,,0.00,122.868,WeatherBaga 2.4.3,2011-10-11 16:06:00,
2011-10-11 09:11:00,64.4,62.4,30.07,WNW,289,0.3,3.5,93,0.00,,,0.00,144.308,WeatherBaga 2.4.3,2011-10-11 16:11:00,
2011-10-11 09:16:00,64.5,62.6,30.07,WNW,295,1.0,2.0,94,0.00,,,0.00,155.148,WeatherBaga 2.4.3,2011-10-11 16:16:00,
2011-10-11 09:21:00,64.9,63.0,30.07,North,10,0.4,2.0,94,0.00,,,0.00,148.971,WeatherBaga 2.4.3,2011-10-11 16:21:00,
2011-10-11 09:26:00,65.1,63.1,30.07,North,7,0.6,1.8,93,0.00,,,0.00,180.704,WeatherBaga 2.4.3,2011-10-11 16:26:00,
2011-10-11 09:31:00,65.3,63.2,30.08,ENE,65,0.3,1.8,93,0.00,,,0.00,202.421,WeatherBaga 2.4.3,2011-10-11 16:31:00,
2011-10-11 09:36:00,64.7,62.2,30.08,NE,49,1.2,2.6,92,0.00,,,0.00,214.040,WeatherBaga 2.4.3,2011-10-11 16:36:00,
2011-10-11 09:41:00,64.9,62.5,30.08,North,8,1.2,2.6,92,0.00,,,0.00,201.121,WeatherBaga 2.4.3,2011-10-11 16:41:00,
2011-10-11 09:46:00,65.3,62.9,30.07,NE,34,0.6,2.1,92,0.00,,,0.00,175.351,WeatherBaga 2.4.3,2011-10-11 16:46:00,
2011-10-11 09:51:00,65.3,62.5,30.07,NE,44,1.2,2.5,91,0.00,,,0.00,196.669,WeatherBaga 2.4.3,2011-10-11 16:51:00,
2011-10-11 09:56:00,65.3,62.5,30.08,SSW,211,0.4,2.5,91,0.00,,,0.00,237.130,WeatherBaga 2.4.3,2011-10-11 16:56:00,
2011-10-11 10:01:00,65.4,62.4,30.07,ENE,68,1.2,3.2,90,0.00,,,0.00,241.526,WeatherBaga 2.4.3,2011-10-11 17:01:00,
2011-10-11 10:06:00,66.0,63.1,30.08,NW,318,0.8,3.2,90,0.00,,,0.00,202.639,WeatherBaga 2.4.3,2011-10-11 17:06:00,
2011-10-11 10:11:00,66.0,62.7,30.08,NE,51,2.2,4.4,89,0.00,,,0.00,202.470,WeatherBaga 2.4.3,2011-10-11 17:11:00,
2011-10-11 10:16:00,65.8,62.4,30.08,NNE,23,1.9,5.2,89,0.00,,,0.00,212.974,WeatherBaga 2.4.3,2011-10-11 17:16:00,
2011-10-11 10:21:00,65.8,62.2,30.08,NNW,333,3.8,5.2,88,0.00,,,0.00,192.999,WeatherBaga 2.4.3,2011-10-11 17:21:00,
2011-10-11 10:26:00,66.0,62.6,30.08,East,87,2.3,6.6,89,0.00,,,0.00,149.017,WeatherBaga 2.4.3,2011-10-11 17:26:00,
2011-10-11 10:31:00,66.2,62.7,30.08,NNE,30,4.1,6.6,89,0.00,,,0.00,171.672,WeatherBaga 2.4.3,2011-10-11 17:31:00,
2011-10-11 10:36:00,66.0,62.6,30.08,North,7,0.9,4.4,89,0.00,,,0.00,178.252,WeatherBaga 2.4.3,2011-10-11 17:36:00,
2011-10-11 10:41:00,66.2,62.8,30.08,ENE,60,15.0,16.6,89,0.00,,,0.00,161.168,WeatherBaga 2.4.3,2011-10-11 17:41:00,
2011-10-11 10:46:00,66.2,62.6,30.08,North,4,1.5,16.6,88,0.00,,,0.00,177.334,WeatherBaga 2.4.3,2011-10-11 17:46:00,
2011-10-11 10:51:00,66.2,62.8,30.08,NE,40,2.0,15.0,89,0.00,,,0.00,202.741,WeatherBaga 2.4.3,2011-10-11 17:51:00,
2011-10-11 10:56:00,66.3,62.7,30.08,NNW,342,0.9,4.6,88,0.00,,,0.00,217.657,WeatherBaga 2.4.3,2011-10-11 17:56:00,
2011-10-11 11:01:00,66.3,62.3,30.08,ENE,67,2.9,5.5,87,0.00,,,0.00,501.365,WeatherBaga 2.4.3,2011-10-11 18:01:00,
2011-10-11 11:06:00,67.1,63.1,30.08,North,358,1.8,5.8,87,0.00,,,0.00,683.996,WeatherBaga 2.4.3,2011-10-11 18:06:00,
2011-10-11 11:11:00,68.3,63.1,30.08,ENE,75,3.2,5.8,83,0.00,,,0.00,514.073,WeatherBaga 2.4.3,2011-10-11 18:11:00,
2011-10-11 11:16:00,68.7,62.5,30.08,NNE,21,3.3,4.9,81,0.00,,,0.00,211.166,WeatherBaga 2.4.3,2011-10-11 18:16:00,
2011-10-11 11:21:00,68.5,62.5,30.08,WSW,256,1.4,4.9,81,0.00,,,0.00,205.856,WeatherBaga 2.4.3,2011-10-11 18:21:00,
2011-10-11 11:26:00,68.9,62.9,30.09,ENE,65,0.3,3.4,81,0.00,,,0.00,188.462,WeatherBaga 2.4.3,2011-10-11 18:26:00,
2011-10-11 11:31:00,68.9,62.4,30.09,ENE,65,3.0,3.9,80,0.00,,,0.00,162.002,WeatherBaga 2.4.3,2011-10-11 18:31:00,
2011-10-11 11:36:00,68.7,62.8,30.09,ESE,105,1.4,5.0,82,0.00,,,0.00,210.357,WeatherBaga 2.4.3,2011-10-11 18:36:00,
2011-10-11 11:41:00,68.7,62.5,30.09,North,357,1.2,5.0,81,0.00,,,0.00,233.570,WeatherBaga 2.4.3,2011-10-11 18:41:00,
2011-10-11 11:46:00,68.5,62.0,30.09,NNE,31,2.5,4.0,80,0.00,,,0.00,262.877,WeatherBaga 2.4.3,2011-10-11 18:46:00,
2011-10-11 11:51:00,68.5,62.6,30.09,NNW,328,0.9,3.5,82,0.00,,,0.00,280.644,WeatherBaga 2.4.3,2011-10-11 18:51:00,
2011-10-11 11:56:00,68.9,62.2,30.09,WSW,252,1.3,3.3,79,0.00,,,0.00,309.519,WeatherBaga 2.4.3,2011-10-11 18:56:00,
2011-10-11 12:01:00,69.2,61.8,30.09,NNW,334,1.5,3.1,77,0.00,,,0.00,321.072,WeatherBaga 2.4.3,2011-10-11 19:01:00,
2011-10-11 12:06:00,69.4,61.6,30.08,ENE,76,2.2,2.7,76,0.00,,,0.00,343.611,WeatherBaga 2.4.3,2011-10-11 19:06:00,
2011-10-11 12:11:00,69.2,60.7,30.08,ENE,58,1.4,3.0,74,0.00,,,0.00,378.585,WeatherBaga 2.4.3,2011-10-11 19:11:00,
2011-10-11 12:16:00,69.4,61.4,30.08,NW,311,1.2,3.7,76,0.00,,,0.00,414.109,WeatherBaga 2.4.3,2011-10-11 19:16:00,
2011-10-11 12:21:00,69.9,62.2,30.08,SSE,147,1.4,3.7,77,0.00,,,0.00,447.565,WeatherBaga 2.4.3,2011-10-11 19:21:00,
2011-10-11 12:26:00,70.5,61.5,30.08,NNE,27,1.2,2.5,73,0.00,,,0.00,490.983,WeatherBaga 2.4.3,2011-10-11 19:26:00,
2011-10-11 12:31:00,70.7,61.8,30.08,NW,309,0.8,3.9,74,0.00,,,0.00,939.535,WeatherBaga 2.4.3,2011-10-11 19:31:00,
2011-10-11 12:36:00,71.2,61.8,30.08,NNE,22,2.8,5.6,72,0.00,,,0.00,903.572,WeatherBaga 2.4.3,2011-10-11 19:36:00,
2011-10-11 12:41:00,71.2,61.4,30.08,North,359,0.8,6.8,71,0.00,,,0.00,205.995,WeatherBaga 2.4.3,2011-10-11 19:41:00,
2011-10-11 12:46:00,70.8,60.3,30.08,East,97,0.6,6.8,70,0.00,,,0.00,300.853,WeatherBaga 2.4.3,2011-10-11 19:46:00,
2011-10-11 12:51:00,71.2,60.3,30.08,ENE,78,3.0,6.1,68,0.00,,,0.00,210.067,WeatherBaga 2.4.3,2011-10-11 19:51:00,
2011-10-11 12:56:00,70.5,59.5,30.08,ENE,77,0.9,4.1,68,0.00,,,0.00,238.731,WeatherBaga 2.4.3,2011-10-11 19:56:00,
2011-10-11 13:01:00,70.5,60.0,30.08,ENE,68,1.6,4.2,70,0.00,,,0.00,286.888,WeatherBaga 2.4.3,2011-10-11 20:01:00,
2011-10-11 13:06:00,70.7,60.4,30.08,ENE,66,1.2,4.2,70,0.00,,,0.00,291.782,WeatherBaga 2.4.3,2011-10-11 20:06:00,
2011-10-11 13:11:00,71.0,61.2,30.07,ESE,116,1.3,4.3,71,0.00,,,0.00,631.880,WeatherBaga 2.4.3,2011-10-11 20:11:00,
2011-10-11 13:16:00,71.6,61.2,30.07,East,82,2.0,6.4,70,0.00,,,0.00,418.934,WeatherBaga 2.4.3,2011-10-11 20:16:00,
2011-10-11 13:21:00,71.9,60.4,30.07,WSW,249,1.7,6.4,67,0.00,,,0.00,308.780,WeatherBaga 2.4.3,2011-10-11 20:21:00,
2011-10-11 13:26:00,71.7,60.5,30.07,SW,218,0.7,5.6,68,0.00,,,0.00,248.839,WeatherBaga 2.4.3,2011-10-11 20:26:00,
2011-10-11 13:31:00,71.9,60.1,30.07,East,82,2.0,4.7,66,0.00,,,0.00,353.482,WeatherBaga 2.4.3,2011-10-11 20:31:00,
2011-10-11 13:36:00,72.1,59.5,30.07,East,90,0.8,4.5,65,0.00,,,0.00,1464.450,WeatherBaga 2.4.3,2011-10-11 20:36:00,
2011-10-11 13:41:00,72.8,59.8,30.07,NW,321,2.7,5.4,64,0.00,,,0.00,794.850,WeatherBaga 2.4.3,2011-10-11 20:41:00,
2011-10-11 13:46:00,73.4,59.4,30.07,East,97,1.6,5.4,62,0.00,,,0.00,780.380,WeatherBaga 2.4.3,2011-10-11 20:46:00,
2011-10-11 13:51:00,73.0,59.4,30.06,NNE,14,4.4,6.8,62,0.00,,,0.00,746.555,WeatherBaga 2.4.3,2011-10-11 20:51:00,
2011-10-11 13:56:00,72.6,59.0,30.06,NW,311,1.9,6.8,62,0.00,,,0.00,739.981,WeatherBaga 2.4.3,2011-10-11 20:56:00,
2011-10-11 14:01:00,73.2,58.6,30.06,West,281,4.5,6.5,60,0.00,,,0.00,736.869,WeatherBaga 2.4.3,2011-10-11 21:01:00,
2011-10-11 14:06:00,72.6,58.5,30.06,North,8,2.3,7.4,61,0.00,,,0.00,729.107,WeatherBaga 2.4.3,2011-10-11 21:06:00,
2011-10-11 14:11:00,73.0,59.1,30.06,ENE,64,3.3,7.9,62,0.00,,,0.00,725.507,WeatherBaga 2.4.3,2011-10-11 21:11:00,
2011-10-11 14:16:00,73.4,58.3,30.06,NE,48,2.6,7.9,59,0.00,,,0.00,717.300,WeatherBaga 2.4.3,2011-10-11 21:16:00,
2011-10-11 14:21:00,73.0,58.6,30.06,NW,314,2.5,7.1,61,0.00,,,0.00,713.083,WeatherBaga 2.4.3,2011-10-11 21:21:00,
2011-10-11 14:26:00,73.5,58.0,30.06,East,92,4.3,6.7,58,0.00,,,0.00,706.077,WeatherBaga 2.4.3,2011-10-11 21:26:00,
2011-10-11 14:31:00,73.9,58.4,30.06,NW,306,2.0,6.2,59,0.00,,,0.00,697.668,WeatherBaga 2.4.3,2011-10-11 21:31:00,
2011-10-11 14:36:00,73.9,58.7,30.06,East,80,2.3,5.2,59,0.00,,,0.00,686.861,WeatherBaga 2.4.3,2011-10-11 21:36:00,
2011-10-11 14:41:00,73.5,58.2,30.06,NE,35,1.3,7.7,59,0.00,,,0.00,680.099,WeatherBaga 2.4.3,2011-10-11 21:41:00,
2011-10-11 14:46:00,73.9,58.0,30.06,NNW,329,1.4,7.7,58,0.00,,,0.00,672.582,WeatherBaga 2.4.3,2011-10-11 21:46:00,
2011-10-11 14:51:00,74.4,58.6,30.06,NNW,334,5.3,6.3,58,0.00,,,0.00,664.315,WeatherBaga 2.4.3,2011-10-11 21:51:00,
2011-10-11 14:56:00,74.1,58.5,30.06,North,351,2.3,6.8,58,0.00,,,0.00,651.607,WeatherBaga 2.4.3,2011-10-11 21:56:00,
2011-10-11 15:01:00,74.8,58.6,30.06,NNW,348,2.8,6.8,57,0.00,,,0.00,640.638,WeatherBaga 2.4.3,2011-10-11 22:01:00,
2011-10-11 15:06:00,74.8,58.6,30.05,ENE,59,2.8,6.7,57,0.00,,,0.00,626.468,WeatherBaga 2.4.3,2011-10-11 22:06:00,
2011-10-11 15:11:00,73.7,57.6,30.05,NW,321,2.7,7.3,57,0.00,,,0.00,614.756,WeatherBaga 2.4.3,2011-10-11 22:11:00,
2011-10-11 15:16:00,74.1,58.0,30.05,North,349,2.2,7.3,57,0.00,,,0.00,607.133,WeatherBaga 2.4.3,2011-10-11 22:16:00,
2011-10-11 15:21:00,74.4,57.9,30.05,North,355,3.6,7.6,57,0.00,,,0.00,595.144,WeatherBaga 2.4.3,2011-10-11 22:21:00,
2011-10-11 15:26:00,73.5,57.4,30.05,East,88,2.9,7.6,57,0.00,,,0.00,585.327,WeatherBaga 2.4.3,2011-10-11 22:26:00,
2011-10-11 15:31:00,73.9,57.6,30.05,ENE,60,5.4,7.3,57,0.00,,,0.00,572.437,WeatherBaga 2.4.3,2011-10-11 22:31:00,
2011-10-11 15:36:00,73.7,58.3,30.05,ENE,67,5.4,7.0,59,0.00,,,0.00,557.418,WeatherBaga 2.4.3,2011-10-11 22:36:00,
2011-10-11 15:41:00,73.2,58.0,30.05,South,189,1.9,8.5,59,0.00,,,0.00,541.961,WeatherBaga 2.4.3,2011-10-11 22:41:00,
2011-10-11 15:46:00,73.7,58.9,30.05,NE,46,2.2,8.5,60,0.00,,,0.00,530.052,WeatherBaga 2.4.3,2011-10-11 22:46:00,
2011-10-11 15:51:00,73.5,58.9,30.05,ENE,68,1.8,7.9,60,0.00,,,0.00,516.162,WeatherBaga 2.4.3,2011-10-11 22:51:00,
2011-10-11 15:56:00,74.1,58.9,30.05,NNW,330,1.9,7.9,59,0.00,,,0.00,499.695,WeatherBaga 2.4.3,2011-10-11 22:56:00,
2011-10-11 16:01:00,74.6,59.4,30.05,East,87,1.4,5.6,59,0.00,,,0.00,488.079,WeatherBaga 2.4.3,2011-10-11 23:01:00,
2011-10-11 16:06:00,74.4,58.9,30.05,NNW,338,1.6,5.6,59,0.00,,,0.00,468.097,WeatherBaga 2.4.3,2011-10-11 23:06:00,
2011-10-11 16:11:00,74.4,59.3,30.05,NNW,341,2.8,5.1,59,0.00,,,0.00,458.382,WeatherBaga 2.4.3,2011-10-11 23:11:00,
2011-10-11 16:16:00,74.4,59.4,30.05,North,9,1.8,5.4,60,0.00,,,0.00,446.588,WeatherBaga 2.4.3,2011-10-11 23:16:00,
2011-10-11 16:21:00,74.4,59.5,30.05,NE,42,1.8,6.0,60,0.00,,,0.00,426.537,WeatherBaga 2.4.3,2011-10-11 23:21:00,
2011-10-11 16:26:00,73.9,59.6,30.05,NNE,32,1.2,6.0,61,0.00,,,0.00,412.241,WeatherBaga 2.4.3,2011-10-11 23:26:00,
2011-10-11 16:31:00,73.9,59.3,30.05,East,81,0.8,6.8,60,0.00,,,0.00,395.827,WeatherBaga 2.4.3,2011-10-11 23:31:00,
2011-10-11 16:36:00,74.4,59.0,30.05,WNW,296,2.4,6.8,59,0.00,,,0.00,381.208,WeatherBaga 2.4.3,2011-10-11 23:36:00,
2011-10-11 16:41:00,74.1,58.7,30.04,NNW,338,1.0,5.7,59,0.00,,,0.00,364.269,WeatherBaga 2.4.3,2011-10-11 23:41:00,
2011-10-11 16:46:00,73.9,59.2,30.04,NE,53,0.8,5.7,60,0.00,,,0.00,347.010,WeatherBaga 2.4.3,2011-10-11 23:46:00,
2011-10-11 16:51:00,73.7,58.8,30.04,NW,323,2.3,5.4,60,0.00,,,0.00,57.485,WeatherBaga 2.4.3,2011-10-11 23:51:00,
2011-10-11 16:56:00,73.0,58.2,30.04,NW,310,3.1,6.0,60,0.00,,,0.00,51.519,WeatherBaga 2.4.3,2011-10-11 23:56:00,
2011-10-11 17:01:00,73.0,58.4,30.04,ENE,76,3.0,6.0,60,0.00,,,0.00,53.340,WeatherBaga 2.4.3,2011-10-12 00:01:00,
2011-10-11 17:06:00,72.8,58.2,30.04,NE,40,1.0,6.8,60,0.00,,,0.00,52.304,WeatherBaga 2.4.3,2011-10-12 00:06:00,
2011-10-11 17:11:00,72.5,58.6,30.04,ENE,64,0.7,6.8,62,0.00,,,0.00,49.373,WeatherBaga 2.4.3,2011-10-12 00:11:00,
2011-10-11 17:16:00,72.3,58.2,30.04,East,83,1.5,5.8,61,0.00,,,0.00,48.136,WeatherBaga 2.4.3,2011-10-12 00:16:00,
2011-10-11 17:21:00,72.1,57.9,30.04,NNW,348,2.5,5.0,61,0.00,,,0.00,52.987,WeatherBaga 2.4.3,2011-10-12 00:21:00,
2011-10-11 17:26:00,71.9,57.5,30.04,ENE,65,1.8,5.0,61,0.00,,,0.00,48.139,WeatherBaga 2.4.3,2011-10-12 00:26:00,
2011-10-11 17:31:00,71.7,57.9,30.04,NW,326,3.3,4.6,62,0.00,,,0.00,44.767,WeatherBaga 2.4.3,2011-10-12 00:31:00,
2011-10-11 17:36:00,71.6,58.0,30.04,NE,51,1.4,4.6,62,0.00,,,0.00,43.542,WeatherBaga 2.4.3,2011-10-12 00:36:00,
2011-10-11 17:41:00,71.4,58.2,30.04,NNE,22,1.7,4.0,63,0.00,,,0.00,85.647,WeatherBaga 2.4.3,2011-10-12 00:41:00,
2011-10-11 17:46:00,71.2,57.9,30.04,NE,36,0.4,4.0,63,0.00,,,0.00,50.806,WeatherBaga 2.4.3,2011-10-12 00:46:00,
2011-10-11 17:51:00,71.0,58.0,30.04,NW,326,2.2,4.1,64,0.00,,,0.00,40.206,WeatherBaga 2.4.3,2011-10-12 00:51:00,
2011-10-11 17:56:00,70.8,58.1,30.04,ENE,74,0.8,4.1,64,0.00,,,0.00,37.668,WeatherBaga 2.4.3,2011-10-12 00:56:00,
2011-10-11 18:01:00,70.8,57.9,30.04,NNW,330,3.4,4.6,64,0.00,,,0.00,34.688,WeatherBaga 2.4.3,2011-10-12 01:01:00,
2011-10-11 18:06:00,70.7,58.3,30.04,NW,317,1.4,4.6,65,0.00,,,0.00,33.138,WeatherBaga 2.4.3,2011-10-12 01:06:00,
2011-10-11 18:11:00,70.5,58.2,30.04,NNE,24,1.5,4.2,65,0.00,,,0.00,30.461,WeatherBaga 2.4.3,2011-10-12 01:11:00,
2011-10-11 18:16:00,70.3,58.7,30.04,NNW,344,1.1,2.4,67,0.00,,,0.00,27.953,WeatherBaga 2.4.3,2011-10-12 01:16:00,
2011-10-11 18:21:00,69.9,58.7,30.04,NW,312,0.6,2.4,68,0.00,,,0.00,24.079,WeatherBaga 2.4.3,2011-10-12 01:21:00,
2011-10-11 18:26:00,69.6,58.9,30.04,ENE,77,0.6,3.1,69,0.00,,,0.00,22.082,WeatherBaga 2.4.3,2011-10-12 01:26:00,
2011-10-11 18:31:00,69.2,59.2,30.04,NW,317,0.6,3.1,70,0.00,,,0.00,19.456,WeatherBaga 2.4.3,2011-10-12 01:31:00,
2011-10-11 18:36:00,68.9,59.4,30.03,West,278,1.2,3.6,72,0.00,,,0.00,16.350,WeatherBaga 2.4.3,2011-10-12 01:36:00,
2011-10-11 18:41:00,68.5,59.2,30.04,WNW,294,3.0,5.1,72,0.00,,,0.00,16.017,WeatherBaga 2.4.3,2011-10-12 01:41:00,
2011-10-11 18:46:00,68.3,59.3,30.04,NW,323,1.5,5.5,73,0.00,,,0.00,13.582,WeatherBaga 2.4.3,2011-10-12 01:46:00,
2011-10-11 18:51:00,68.1,59.4,30.04,NNE,14,1.6,5.5,74,0.00,,,0.00,13.275,WeatherBaga 2.4.3,2011-10-12 01:51:00,
2011-10-11 18:56:00,68.0,59.6,30.04,West,271,1.6,5.5,74,0.00,,,0.00,12.678,WeatherBaga 2.4.3,2011-10-12 01:56:00,
2011-10-11 19:01:00,67.6,59.4,30.04,North,352,0.4,4.6,75,0.00,,,0.00,13.156,WeatherBaga 2.4.3,2011-10-12 02:01:00,
2011-10-11 19:06:00,67.2,59.6,30.04,East,100,0.9,2.6,77,0.00,,,0.00,12.905,WeatherBaga 2.4.3,2011-10-12 02:06:00,
2011-10-11 19:11:00,66.9,59.8,30.04,ESE,107,1.3,1.7,78,0.00,,,0.00,12.948,WeatherBaga 2.4.3,2011-10-12 02:11:00,
2011-10-11 19:16:00,66.5,59.7,30.04,WNW,294,0.2,1.7,79,0.00,,,0.00,13.301,WeatherBaga 2.4.3,2011-10-12 02:16:00,
2011-10-11 19:21:00,66.2,59.6,30.04,WNW,286,0.7,2.0,79,0.00,,,0.00,12.922,WeatherBaga 2.4.3,2011-10-12 02:21:00,
2011-10-11 19:26:00,65.8,59.5,30.04,WNW,295,0.4,2.0,80,0.00,,,0.00,12.691,WeatherBaga 2.4.3,2011-10-12 02:26:00,
2011-10-11 19:31:00,65.6,59.6,30.04,ENE,69,0.8,1.7,81,0.00,,,0.00,12.849,WeatherBaga 2.4.3,2011-10-12 02:31:00,
2011-10-11 19:36:00,65.3,59.6,30.04,SE,131,0.2,1.1,82,0.00,,,0.00,12.585,WeatherBaga 2.4.3,2011-10-12 02:36:00,
2011-10-11 19:41:00,65.1,59.7,30.05,NNE,20,0.8,1.7,83,0.00,,,0.00,12.948,WeatherBaga 2.4.3,2011-10-12 02:41:00,
2011-10-11 19:46:00,64.9,59.3,30.05,NE,48,2.9,3.8,82,0.00,,,0.00,13.156,WeatherBaga 2.4.3,2011-10-12 02:46:00,
2011-10-11 19:51:00,65.1,59.0,30.05,SSW,192,0.6,3.8,81,0.00,,,0.00,12.819,WeatherBaga 2.4.3,2011-10-12 02:51:00,
2011-10-11 19:56:00,65.1,59.0,30.05,North,353,0.3,3.5,81,0.00,,,0.00,13.103,WeatherBaga 2.4.3,2011-10-12 02:56:00,
2011-10-11 20:01:00,64.9,58.9,30.05,South,179,0.7,1.9,81,0.00,,,0.00,12.935,WeatherBaga 2.4.3,2011-10-12 03:01:00,
2011-10-11 20:06:00,64.7,59.0,30.05,NE,43,0.6,1.9,82,0.00,,,0.00,12.783,WeatherBaga 2.4.3,2011-10-12 03:06:00,
2011-10-11 20:11:00,64.5,59.1,30.05,ENE,75,0.7,1.1,83,0.00,,,0.00,13.060,WeatherBaga 2.4.3,2011-10-12 03:11:00,
2011-10-11 20:16:00,64.2,58.9,30.06,SSE,161,0.4,1.2,83,0.00,,,0.00,13.034,WeatherBaga 2.4.3,2011-10-12 03:16:00,
2011-10-11 20:21:00,63.6,58.6,30.06,SSW,202,0.6,1.2,84,0.00,,,0.00,12.806,WeatherBaga 2.4.3,2011-10-12 03:21:00,
2011-10-11 20:26:00,63.5,58.7,30.06,ENE,78,0.8,1.1,84,0.00,,,0.00,13.027,WeatherBaga 2.4.3,2011-10-12 03:26:00,
2011-10-11 20:31:00,63.1,58.6,30.06,East,79,0.8,1.0,85,0.00,,,0.00,12.948,WeatherBaga 2.4.3,2011-10-12 03:31:00,
2011-10-11 20:36:00,62.9,58.5,30.06,NE,46,1.1,1.4,86,0.00,,,0.00,12.678,WeatherBaga 2.4.3,2011-10-12 03:36:00,
2011-10-11 20:41:00,62.7,58.3,30.06,NNW,340,0.9,1.4,86,0.00,,,0.00,12.912,WeatherBaga 2.4.3,2011-10-12 03:41:00,
2011-10-11 20:46:00,62.6,58.2,30.06,WNW,288,1.0,1.3,86,0.00,,,0.00,12.714,WeatherBaga 2.4.3,2011-10-12 03:46:00,
2011-10-11 20:51:00,62.4,58.1,30.06,NNW,343,0.6,1.3,86,0.00,,,0.00,12.747,WeatherBaga 2.4.3,2011-10-12 03:51:00,
2011-10-11 20:56:00,62.4,58.2,30.06,NW,310,0.5,1.3,86,0.00,,,0.00,12.463,WeatherBaga 2.4.3,2011-10-12 03:56:00,
2011-10-11 21:00:00,62.2,58.1,30.06,ESE,113,0.9,1.5,86,0.00,,,0.00,12.503,WeatherBaga 2.4.3,2011-10-12 04:00:00,
2011-10-11 21:01:00,62.2,58.1,30.06,SSW,207,0.3,1.5,86,0.00,,,0.00,12.569,WeatherBaga 2.4.3,2011-10-12 04:01:00,
2011-10-11 21:02:00,62.2,58.1,30.06,South,187,0.5,1.5,86,0.00,,,0.00,12.833,WeatherBaga 2.4.3,2011-10-12 04:02:00,
2011-10-11 21:07:00,62.0,58.0,30.06,SSE,150,1.1,1.5,87,0.00,,,0.00,12.681,WeatherBaga 2.4.3,2011-10-12 04:07:00,
2011-10-11 21:12:00,61.8,57.9,30.06,SE,144,0.5,1.4,87,0.00,,,0.00,12.687,WeatherBaga 2.4.3,2011-10-12 04:12:00,
2011-10-11 21:17:00,61.7,57.9,30.06,SSW,210,0.2,1.4,87,0.00,,,0.00,12.833,WeatherBaga 2.4.3,2011-10-12 04:17:00,
2011-10-11 21:22:00,61.3,57.5,30.06,WNW,298,0.5,1.0,88,0.00,,,0.00,12.354,WeatherBaga 2.4.3,2011-10-12 04:22:00,
2011-10-11 21:27:00,61.3,57.7,30.06,SW,236,0.4,1.0,88,0.00,,,0.00,12.641,WeatherBaga 2.4.3,2011-10-12 04:27:00,
2011-10-11 21:32:00,60.9,57.3,30.07,East,97,0.2,1.0,88,0.00,,,0.00,12.664,WeatherBaga 2.4.3,2011-10-12 04:32:00,
2011-10-11 21:37:00,60.8,57.2,30.06,WNW,299,1.2,1.2,88,0.00,,,0.00,12.915,WeatherBaga 2.4.3,2011-10-12 04:37:00,
2011-10-11 21:42:00,60.6,57.1,30.07,WSW,252,0.3,1.3,88,0.00,,,0.00,12.783,WeatherBaga 2.4.3,2011-10-12 04:42:00,
2011-10-11 21:47:00,60.4,56.9,30.07,SW,231,0.4,1.3,88,0.00,,,0.00,12.833,WeatherBaga 2.4.3,2011-10-12 04:47:00,
2011-10-11 21:52:00,60.2,56.8,30.07,WNW,292,0.7,0.9,89,0.00,,,0.00,12.377,WeatherBaga 2.4.3,2011-10-12 04:52:00,
2011-10-11 21:57:00,60.2,57.0,30.07,South,173,0.9,0.9,89,0.00,,,0.00,12.575,WeatherBaga 2.4.3,2011-10-12 04:57:00,
2011-10-11 22:02:00,60.2,57.0,30.07,NNW,328,0.6,2.7,89,0.00,,,0.00,12.674,WeatherBaga 2.4.3,2011-10-12 05:02:00,
2011-10-11 22:07:00,60.0,56.9,30.07,WNW,288,0.8,2.7,89,0.00,,,0.00,12.496,WeatherBaga 2.4.3,2011-10-12 05:07:00,
2011-10-11 22:12:00,60.0,56.9,30.07,West,261,0.4,1.6,90,0.00,,,0.00,11.453,WeatherBaga 2.4.3,2011-10-12 05:12:00,
2011-10-11 22:17:00,59.9,56.9,30.07,NW,309,0.4,1.7,90,0.00,,,0.00,12.796,WeatherBaga 2.4.3,2011-10-12 05:17:00,
2011-10-11 22:22:00,59.9,56.9,30.07,SW,228,0.5,1.7,90,0.00,,,0.00,12.658,WeatherBaga 2.4.3,2011-10-12 05:22:00,
2011-10-11 22:27:00,59.7,56.7,30.07,South,191,0.3,1.2,90,0.00,,,0.00,12.674,WeatherBaga 2.4.3,2011-10-12 05:27:00,
2011-10-11 22:32:00,59.5,56.6,30.07,NNE,26,0.3,1.2,90,0.00,,,0.00,12.532,WeatherBaga 2.4.3,2011-10-12 05:32:00,
2011-10-11 22:37:00,59.5,56.7,30.07,SSE,162,1.1,1.4,90,0.00,,,0.00,12.681,WeatherBaga 2.4.3,2011-10-12 05:37:00,
2011-10-11 22:42:00,59.3,56.5,30.07,WSW,253,0.8,1.4,91,0.00,,,0.00,12.483,WeatherBaga 2.4.3,2011-10-12 05:42:00,
2011-10-11 22:47:00,59.1,56.3,30.07,South,190,0.4,1.2,91,0.00,,,0.00,12.519,WeatherBaga 2.4.3,2011-10-12 05:47:00,
2011-10-11 22:52:00,59.0,56.2,30.07,NW,304,0.4,1.2,91,0.00,,,0.00,12.704,WeatherBaga 2.4.3,2011-10-12 05:52:00,
2011-10-11 22:57:00,59.0,56.4,30.07,WNW,282,0.6,1.1,91,0.00,,,0.00,12.555,WeatherBaga 2.4.3,2011-10-12 05:57:00,
2011-10-11 23:02:00,59.0,56.4,30.07,NNW,329,0.5,1.4,91,0.00,,,0.00,12.539,WeatherBaga 2.4.3,2011-10-12 06:02:00,
2011-10-11 23:07:00,59.0,56.4,30.07,West,272,0.9,1.4,91,0.00,,,0.00,12.595,WeatherBaga 2.4.3,2011-10-12 06:07:00,
2011-10-11 23:12:00,58.8,56.2,30.07,SSE,154,0.6,1.0,91,0.00,,,0.00,12.588,WeatherBaga 2.4.3,2011-10-12 06:12:00,
2011-10-11 23:17:00,58.8,56.3,30.07,South,175,0.3,0.8,92,0.00,,,0.00,12.522,WeatherBaga 2.4.3,2011-10-12 06:17:00,
2011-10-11 23:22:00,58.6,56.1,30.07,WSW,239,0.7,1.0,91,0.00,,,0.00,12.737,WeatherBaga 2.4.3,2011-10-12 06:22:00,
2011-10-11 23:27:00,58.6,56.2,30.07,West,280,0.6,1.5,92,0.00,,,0.00,12.512,WeatherBaga 2.4.3,2011-10-12 06:27:00,
2011-10-11 23:32:00,58.4,56.0,30.08,NNW,346,0.6,1.5,92,0.00,,,0.00,12.380,WeatherBaga 2.4.3,2011-10-12 06:32:00,
2011-10-11 23:37:00,58.4,56.0,30.08,NW,321,0.4,0.9,92,0.00,,,0.00,12.579,WeatherBaga 2.4.3,2011-10-12 06:37:00,
2011-10-11 23:42:00,58.2,55.8,30.08,WNW,286,0.4,1.1,92,0.00,,,0.00,12.433,WeatherBaga 2.4.3,2011-10-12 06:42:00,
2011-10-11 23:47:00,58.1,55.8,30.08,NNE,29,0.8,1.1,92,0.00,,,0.00,12.268,WeatherBaga 2.4.3,2011-10-12 06:47:00,
2011-10-11 23:52:00,58.1,55.8,30.08,NW,308,0.4,0.8,92,0.00,,,0.00,12.232,WeatherBaga 2.4.3,2011-10-12 06:52:00,
2011-10-11 23:57:00,57.9,55.6,30.08,South,191,0.4,0.8,92,0.00,,,0.00,12.252,WeatherBaga 2.4.3,2011-10-12 06:57:00,
